component,category,state,width,height,dimensions,suggested_filename,nine_slice,recommended_padding,scaling,file
button_accept,buttons,default,96,32,96x32,button_accept_default.png,True,8,stretch,buttons/button_accept.png
button_cancel,buttons,default,96,32,96x32,button_cancel_default.png,True,8,stretch,buttons/button_cancel_default.png
button_cancel,buttons,disabled,96,32,96x32,button_cancel_disabled.png,True,8,stretch,buttons/button_cancel_disabled.png
button_cancel,buttons,hover,96,32,96x32,button_cancel_hover.png,True,8,stretch,buttons/button_cancel_hover.png
button_cancel,buttons,pressed,96,32,96x32,button_cancel_pressed.png,True,8,stretch,buttons/button_cancel_pressed.png
button_complete,buttons,default,96,32,96x32,button_complete_default.png,True,8,stretch,buttons/button_complete.png
button_confirm,buttons,default,96,32,96x32,button_confirm_default.png,True,8,stretch,buttons/button_confirm_default.png
button_confirm,buttons,disabled,96,32,96x32,button_confirm_disabled.png,True,8,stretch,buttons/button_confirm_disabled.png
button_confirm,buttons,hover,96,32,96x32,button_confirm_hover.png,True,8,stretch,buttons/button_confirm_hover.png
button_confirm,buttons,pressed,96,32,96x32,button_confirm_pressed.png,True,8,stretch,buttons/button_confirm_pressed.png
button_continue,buttons,default,96,32,96x32,button_continue_default.png,True,8,stretch,buttons/button_continue.png
button_decline,buttons,default,96,32,96x32,button_decline_default.png,True,8,stretch,buttons/button_decline.png
button_primary,buttons,default,96,32,96x32,button_primary_default.png,True,8,stretch,buttons/button_primary_default.png
button_primary,buttons,disabled,96,32,96x32,button_primary_disabled.png,True,8,stretch,buttons/button_primary_disabled.png
button_primary,buttons,focused,96,32,96x32,button_primary_focused.png,True,8,stretch,buttons/button_primary_focused.png
button_primary,buttons,hover,96,32,96x32,button_primary_hover.png,True,8,stretch,buttons/button_primary_hover.png
button_primary,buttons,pressed,96,32,96x32,button_primary_pressed.png,True,8,stretch,buttons/button_primary_pressed.png
button_secondary,buttons,default,96,32,96x32,button_secondary_default.png,True,8,stretch,buttons/button_secondary_default.png
button_secondary,buttons,disabled,96,32,96x32,button_secondary_disabled.png,True,8,stretch,buttons/button_secondary_disabled.png
button_secondary,buttons,hover,96,32,96x32,button_secondary_hover.png,True,8,stretch,buttons/button_secondary_hover.png
button_secondary,buttons,pressed,96,32,96x32,button_secondary_pressed.png,True,8,stretch,buttons/button_secondary_pressed.png
button_skip,buttons,default,96,32,96x32,button_skip_default.png,True,8,stretch,buttons/button_skip.png
checkbox,controls,default,32,32,32x32,checkbox_default.png,True,8,stretch,controls/checkbox_default.png
checkbox,controls,disabled,32,32,32x32,checkbox_disabled.png,True,8,stretch,controls/checkbox_disabled.png
checkbox,controls,hover,32,32,32x32,checkbox_hover.png,True,8,stretch,controls/checkbox_hover.png
checkbox,controls,selected,32,32,32x32,checkbox_selected.png,True,8,stretch,controls/checkbox_selected.png
input_search,controls,default,128,32,128x32,input_search_default.png,True,8,stretch,controls/input_search_default.png
input_search,controls,disabled,128,32,128x32,input_search_disabled.png,True,8,stretch,controls/input_search_disabled.png
input_search,controls,error,128,32,128x32,input_search_error.png,True,8,stretch,controls/input_search_error.png
input_search,controls,filled,128,32,128x32,input_search_filled.png,True,8,stretch,controls/input_search_filled.png
input_search,controls,focused,128,32,128x32,input_search_focused.png,True,8,stretch,controls/input_search_focused.png
input_text,controls,default,128,32,128x32,input_text_default.png,True,8,stretch,controls/input_text_default.png
input_text,controls,disabled,128,32,128x32,input_text_disabled.png,True,8,stretch,controls/input_text_disabled.png
input_text,controls,error,128,32,128x32,input_text_error.png,True,8,stretch,controls/input_text_error.png
input_text,controls,filled,128,32,128x32,input_text_filled.png,True,8,stretch,controls/input_text_filled.png
input_text,controls,focused,128,32,128x32,input_text_focused.png,True,8,stretch,controls/input_text_focused.png
radio,controls,default,32,32,32x32,radio_default.png,False,2,none,controls/radio_default.png
radio,controls,disabled,32,32,32x32,radio_disabled.png,False,2,none,controls/radio_disabled.png
radio,controls,hover,32,32,32x32,radio_hover.png,False,2,none,controls/radio_hover.png
radio,controls,selected,32,32,32x32,radio_selected.png,False,2,none,controls/radio_selected.png
scrollbar_thumb,controls,default,32,96,32x96,scrollbar_thumb_default.png,False,2,stretch,controls/scrollbar_thumb_default.png
scrollbar_thumb,controls,drag,32,96,32x96,scrollbar_thumb_drag.png,False,2,stretch,controls/scrollbar_thumb_drag.png
scrollbar_track,controls,default,32,96,32x96,scrollbar_track_default.png,True,4,stretch,controls/scrollbar_track_default.png
scrollbar_track,controls,disabled,32,96,32x96,scrollbar_track_disabled.png,True,4,stretch,controls/scrollbar_track_disabled.png
slider_track,controls,disabled,128,32,128x32,slider_track_disabled.png,True,4,stretch,controls/slider_track_disabled.png
slider_track,controls,empty,128,32,128x32,slider_track_empty.png,True,4,stretch,controls/slider_track_empty.png
slider_track,controls,filled,128,32,128x32,slider_track_filled.png,True,4,stretch,controls/slider_track_filled.png
switch,controls,disabled,64,32,64x32,switch_disabled.png,True,8,stretch,controls/switch_disabled.png
switch,controls,off,64,32,64x32,switch_off.png,True,8,stretch,controls/switch_off.png
switch,controls,on,64,32,64x32,switch_on.png,True,8,stretch,controls/switch_on.png
toggle,controls,off,64,32,64x32,toggle_off.png,False,4,none,controls/toggle_off.png
toggle,controls,on,64,32,64x32,toggle_on.png,False,4,none,controls/toggle_on.png
avatar_frame_level,dialogue,default,64,64,64x64,avatar_frame_level_default.png,True,8,stretch,dialogue/avatar_frame_level.png
bubble_chat,dialogue,left,96,64,96x64,bubble_chat_left.png,False,4,none,dialogue/bubble_chat_left.png
bubble_chat,dialogue,right,96,64,96x64,bubble_chat_right.png,False,4,none,dialogue/bubble_chat_right.png
bubble_speech,dialogue,default,96,64,96x64,bubble_speech_default.png,False,4,none,dialogue/bubble_speech.png
bubble_thought,dialogue,default,96,64,96x64,bubble_thought_default.png,False,4,none,dialogue/bubble_thought.png
chip,dialogue,default,96,32,96x32,chip_default.png,True,8,stretch,dialogue/chip.png
dialogue_npc,dialogue,default,192,96,192x96,dialogue_npc_default.png,True,8,stretch,dialogue/dialogue_npc.png
display_digital_time,dialogue,default,96,32,96x32,display_digital_time_default.png,False,4,none,dialogue/display_digital_time.png
label_container,dialogue,default,96,32,96x32,label_container_default.png,True,8,stretch,dialogue/label_container.png
mood_happy,dialogue,default,32,32,32x32,mood_happy_default.png,False,4,none,dialogue/mood_happy.png
mood_neutral,dialogue,default,32,32,32x32,mood_neutral_default.png,False,4,none,dialogue/mood_neutral.png
mood_sad,dialogue,default,32,32,32x32,mood_sad_default.png,False,4,none,dialogue/mood_sad.png
mood_surprised,dialogue,default,32,32,32x32,mood_surprised_default.png,False,4,none,dialogue/mood_surprised.png
nameplate_speaker,dialogue,default,96,32,96x32,nameplate_speaker_default.png,True,8,stretch,dialogue/nameplate_speaker.png
panel_question,dialogue,default,192,96,192x96,panel_question_default.png,True,8,stretch,dialogue/panel_question.png
portrait_frame,dialogue,default,64,64,64x64,portrait_frame_default.png,True,8,stretch,dialogue/portrait_frame_default.png
portrait_frame,dialogue,locked,64,64,64x64,portrait_frame_locked.png,True,8,stretch,dialogue/portrait_frame_locked.png
portrait_frame_npc,dialogue,default,64,64,64x64,portrait_frame_npc_default.png,True,8,stretch,dialogue/portrait_frame_npc.png
reaction_exclaim,dialogue,default,32,32,32x32,reaction_exclaim_default.png,False,4,none,dialogue/reaction_exclaim.png
reaction_heart,dialogue,default,32,32,32x32,reaction_heart_default.png,False,4,none,dialogue/reaction_heart.png
reaction_question,dialogue,default,32,32,32x32,reaction_question_default.png,False,4,none,dialogue/reaction_question.png
reaction_sleep,dialogue,default,32,32,32x32,reaction_sleep_default.png,False,4,none,dialogue/reaction_sleep.png
spinner,dialogue,frame_1,32,32,32x32,spinner_loading_1.png,False,2,none,dialogue/spinner_loading_1.png
spinner,dialogue,frame_2,32,32,32x32,spinner_loading_2.png,False,2,none,dialogue/spinner_loading_2.png
spinner,dialogue,frame_3,32,32,32x32,spinner_loading_3.png,False,2,none,dialogue/spinner_loading_3.png
spinner,dialogue,frame_4,32,32,32x32,spinner_loading_4.png,False,2,none,dialogue/spinner_loading_4.png
tooltip,dialogue,default,96,64,96x64,tooltip_default.png,True,8,stretch,dialogue/tooltip_default.png
tooltip_tail,dialogue,default,96,64,96x64,tooltip_tail_default.png,True,8,stretch,dialogue/tooltip_tail.png
typing_indicator,dialogue,default,96,32,96x32,typing_indicator_default.png,False,2,none,dialogue/typing_indicator.png
ring_progress,feedback,empty,64,64,64x64,ring_progress_empty.png,False,4,none,feedback/ring_progress_empty.png
ring_progress_full,feedback,default,64,64,64x64,ring_progress_full_default.png,False,4,none,feedback/ring_progress_full.png
ring_progress_half,feedback,default,64,64,64x64,ring_progress_half_default.png,False,4,none,feedback/ring_progress_half.png
ring_progress_quarter,feedback,default,64,64,64x64,ring_progress_quarter_default.png,False,4,none,feedback/ring_progress_quarter.png
ring_progress_three_quarter,feedback,default,64,64,64x64,ring_progress_three_quarter_default.png,False,4,none,feedback/ring_progress_three_quarter.png
badge_daily_quest,hud,default,32,32,32x32,badge_daily_quest_default.png,False,2,none,hud/badge_daily_quest.png
badge_difficulty,hud,default,32,32,32x32,badge_difficulty_default.png,False,2,none,hud/badge_difficulty.png
badge_level,hud,default,32,32,32x32,badge_level_default.png,False,2,none,hud/badge_level.png
badge_main_quest,hud,default,32,32,32x32,badge_main_quest_default.png,False,2,none,hud/badge_main_quest.png
badge_side_quest,hud,default,32,32,32x32,badge_side_quest_default.png,False,2,none,hud/badge_side_quest.png
bar_energy_complete,hud,default,128,32,128x32,bar_energy_complete_default.png,True,4,stretch,hud/bar_energy_complete.png
bar_energy,hud,empty,128,32,128x32,bar_energy_empty.png,True,4,stretch,hud/bar_energy_empty.png
bar_energy,hud,filled,128,32,128x32,bar_energy_filled.png,True,4,stretch,hud/bar_energy_filled.png
bar_health_complete,hud,default,128,32,128x32,bar_health_complete_default.png,True,4,stretch,hud/bar_health_complete.png
bar_health,hud,empty,128,32,128x32,bar_health_empty.png,True,4,stretch,hud/bar_health_empty.png
bar_health,hud,filled,128,32,128x32,bar_health_filled.png,True,4,stretch,hud/bar_health_filled.png
bar_loading_complete,hud,default,128,32,128x32,bar_loading_complete_default.png,True,4,stretch,hud/bar_loading_complete.png
bar_loading,hud,empty,128,32,128x32,bar_loading_empty.png,True,4,stretch,hud/bar_loading_empty.png
bar_loading,hud,filled,128,32,128x32,bar_loading_filled.png,True,4,stretch,hud/bar_loading_filled.png
bar_xp_complete,hud,default,128,32,128x32,bar_xp_complete_default.png,True,4,stretch,hud/bar_xp_complete.png
bar_xp,hud,empty,128,32,128x32,bar_xp_empty.png,True,4,stretch,hud/bar_xp_empty.png
bar_xp,hud,filled,128,32,128x32,bar_xp_filled.png,True,4,stretch,hud/bar_xp_filled.png
card_npc_profile,hud,default,96,128,96x128,card_npc_profile_default.png,True,8,stretch,hud/card_npc_profile.png
card_player_profile,hud,default,96,128,96x128,card_player_profile_default.png,True,8,stretch,hud/card_player_profile.png
container_reward,hud,default,96,32,96x32,container_reward_default.png,True,8,stretch,hud/container_reward.png
counter_coin,hud,default,96,32,96x32,counter_coin_default.png,True,8,stretch,hud/counter_coin.png
counter_energy,hud,default,96,32,96x32,counter_energy_default.png,True,8,stretch,hud/counter_energy.png
counter_gem,hud,default,96,32,96x32,counter_gem_default.png,True,8,stretch,hud/counter_gem.png
counter_skill_point,hud,default,96,32,96x32,counter_skill_point_default.png,True,8,stretch,hud/counter_skill_point.png
counter_streak,hud,default,96,32,96x32,counter_streak_default.png,True,8,stretch,hud/counter_streak.png
counter_ticket,hud,default,96,32,96x32,counter_ticket_default.png,True,8,stretch,hud/counter_ticket.png
energy_bolt,hud,default,32,32,32x32,energy_bolt_default.png,False,4,none,hud/energy_bolt.png
heart,hud,empty,32,32,32x32,heart_empty.png,False,4,none,hud/heart_empty.png
heart_full,hud,default,32,32,32x32,heart_full_default.png,False,4,none,hud/heart_full.png
indicator,hud,error,32,32,32x32,indicator_error.png,False,2,none,hud/indicator_error.png
indicator,hud,new,32,32,32x32,indicator_new.png,False,2,none,hud/indicator_new.png
indicator,hud,success,32,32,32x32,indicator_success.png,False,2,none,hud/indicator_success.png
indicator,hud,warning,32,32,32x32,indicator_warning.png,False,2,none,hud/indicator_warning.png
marker_quest,hud,default,32,32,32x32,marker_quest_default.png,False,2,none,hud/marker_quest.png
marker_unread,hud,default,32,32,32x32,marker_unread_default.png,False,2,none,hud/marker_unread.png
meter_friendship,hud,empty,96,32,96x32,meter_friendship_empty.png,True,4,stretch,hud/meter_friendship_empty.png
meter_friendship_full,hud,default,96,32,96x32,meter_friendship_full_default.png,True,4,stretch,hud/meter_friendship_full.png
padlock,hud,default,32,32,32x32,padlock_default.png,False,4,none,hud/padlock.png
star_medal,hud,default,32,32,32x32,star_medal_default.png,False,4,none,hud/star_medal.png
waveform,hud,active,96,32,96x32,waveform_active.png,False,4,none,hud/waveform_active.png
waveform,hud,empty,96,32,96x32,waveform_empty.png,False,4,none,hud/waveform_empty.png
glow_loader,loaders,glow,64,64,64x64,glow_loader_glow.png,False,0,none,loaders/loader_glow_glow.png
glow_loader,loaders,ring,64,64,64x64,glow_loader_ring.png,False,0,none,loaders/loader_glow_ring.png
arrow_direction,map,default,32,32,32x32,arrow_direction_default.png,True,8,stretch,map/arrow_direction.png
background_minimap,map,default,128,128,128x128,background_minimap_default.png,False,0,tile,map/background_minimap.png
clock_analog_face,map,default,128,128,128x128,clock_analog_face_default.png,False,4,none,map/clock_analog_face.png
dot_pagination,map,active,32,32,32x32,dot_pagination_active.png,False,2,none,map/dot_pagination_active.png
dot_pagination,map,empty,32,32,32x32,dot_pagination_empty.png,False,2,none,map/dot_pagination_empty.png
frame_minimap,map,default,128,128,128x128,frame_minimap_default.png,True,8,stretch,map/frame_minimap.png
grid_word_search,map,default,128,128,128x128,grid_word_search_default.png,False,4,none,map/grid_word_search.png
marker_arcade,map,default,32,32,32x32,marker_arcade_default.png,False,2,none,map/marker_arcade.png
marker_cafe,map,default,32,32,32x32,marker_cafe_default.png,False,2,none,map/marker_cafe.png
marker,map,locked,32,32,32x32,marker_locked.png,False,2,none,map/marker_locked.png
marker_npc,map,default,32,32,32x32,marker_npc_default.png,False,2,none,map/marker_npc.png
marker_park,map,default,32,32,32x32,marker_park_default.png,False,2,none,map/marker_park.png
marker_player,map,default,32,32,32x32,marker_player_default.png,False,2,none,map/marker_player.png
marker_school,map,default,32,32,32x32,marker_school_default.png,False,2,none,map/marker_school.png
marker_shop,map,default,32,32,32x32,marker_shop_default.png,False,2,none,map/marker_shop.png
marker_station,map,default,32,32,32x32,marker_station_default.png,False,2,none,map/marker_station.png
card_daily_challenge,missions,default,128,64,128x64,card_daily_challenge_default.png,True,8,stretch,missions/card_daily_challenge.png
card_main_mission,missions,default,128,64,128x64,card_main_mission_default.png,True,8,stretch,missions/card_main_mission.png
card_quest,missions,default,128,64,128x64,card_quest_default.png,True,8,stretch,missions/card_quest.png
card_side_mission,missions,default,128,64,128x64,card_side_mission_default.png,True,8,stretch,missions/card_side_mission.png
counter_pairs,missions,default,128,32,128x32,counter_pairs_default.png,True,8,stretch,missions/counter_pairs.png
display_timer,missions,default,128,32,128x32,display_timer_default.png,False,4,none,missions/display_timer.png
entry_quest,missions,active,128,32,128x32,entry_quest_active.png,True,8,stretch,missions/entry_quest_active.png
entry_quest,missions,completed,128,32,128x32,entry_quest_completed.png,True,8,stretch,missions/entry_quest_completed.png
entry_quest,missions,default,128,32,128x32,entry_quest_default.png,True,8,stretch,missions/entry_quest_default.png
entry_quest_failed,missions,default,128,32,128x32,entry_quest_failed_default.png,True,8,stretch,missions/entry_quest_failed.png
entry_quest,missions,locked,128,32,128x32,entry_quest_locked.png,True,8,stretch,missions/entry_quest_locked.png
row_objective,missions,completed,128,32,128x32,row_objective_completed.png,True,8,stretch,missions/row_objective_completed.png
row_objective,missions,default,128,32,128x32,row_objective_default.png,True,8,stretch,missions/row_objective_default.png
tracker_mission_progress,missions,default,128,32,128x32,tracker_mission_progress_default.png,True,4,stretch,missions/tracker_mission_progress.png
header_accordion,navigation,default,192,32,192x32,header_accordion_default.png,True,8,stretch,navigation/header_accordion.png
header_section,navigation,default,192,32,192x32,header_section_default.png,True,8,stretch,navigation/header_section.png
icon_back,navigation,default,32,32,32x32,icon_back_default.png,False,2,none,navigation/icon_back.png
icon_bell,navigation,default,32,32,32x32,icon_bell_default.png,False,2,none,navigation/icon_bell.png
icon_close,navigation,default,32,32,32x32,icon_close_default.png,False,2,none,navigation/icon_close.png
icon_hint,navigation,default,32,32,32x32,icon_hint_default.png,False,2,none,navigation/icon_hint.png
icon_home,navigation,default,32,32,32x32,icon_home_default.png,False,2,none,navigation/icon_home.png
icon_location_pin,navigation,default,32,32,32x32,icon_location_pin_default.png,False,2,none,navigation/icon_location_pin.png
icon_map,navigation,default,32,32,32x32,icon_map_default.png,False,2,none,navigation/icon_map.png
icon_menu,navigation,default,32,32,32x32,icon_menu_default.png,False,2,none,navigation/icon_menu.png
icon_play,navigation,default,32,32,32x32,icon_play_default.png,False,2,none,navigation/icon_play.png
icon_reset,navigation,default,32,32,32x32,icon_reset_default.png,False,2,none,navigation/icon_reset.png
icon_search,navigation,default,32,32,32x32,icon_search_default.png,False,2,none,navigation/icon_search.png
icon_settings,navigation,default,32,32,32x32,icon_settings_default.png,False,2,none,navigation/icon_settings.png
icon_skip,navigation,default,32,32,32x32,icon_skip_default.png,False,2,none,navigation/icon_skip.png
icon_submit,navigation,default,32,32,32x32,icon_submit_default.png,False,2,none,navigation/icon_submit.png
icon_trophy,navigation,default,32,32,32x32,icon_trophy_default.png,False,2,none,navigation/icon_trophy.png
icon_undo,navigation,default,32,32,32x32,icon_undo_default.png,False,2,none,navigation/icon_undo.png
nav_bottom_background,navigation,default,192,32,192x32,nav_bottom_background_default.png,False,0,tile,navigation/nav_bottom_background.png
tab,navigation,default,96,32,96x32,tab_default.png,True,8,stretch,navigation/tab_default.png
tab,navigation,disabled,96,32,96x32,tab_disabled.png,True,8,stretch,navigation/tab_disabled.png
tab,navigation,hover,96,32,96x32,tab_hover.png,True,8,stretch,navigation/tab_hover.png
tab,navigation,selected,96,32,96x32,tab_selected.png,True,8,stretch,navigation/tab_selected.png
banner_achievement,overlays,default,192,64,192x64,banner_achievement_default.png,True,8,stretch,overlays/banner_achievement.png
banner_level,overlays,up,192,64,192x64,banner_level_up.png,True,8,stretch,overlays/banner_level_up.png
dialog_confirmation,overlays,default,160,96,160x96,dialog_confirmation_default.png,True,8,stretch,overlays/dialog_confirmation.png
dialog,overlays,warning,160,96,160x96,dialog_warning.png,True,8,stretch,overlays/dialog_warning.png
popup_daily_reward,overlays,default,160,96,160x96,popup_daily_reward_default.png,False,4,none,overlays/popup_daily_reward.png
popup_mission_complete,overlays,default,160,96,160x96,popup_mission_complete_default.png,False,4,none,overlays/popup_mission_complete.png
popup_mission_failed,overlays,default,160,96,160x96,popup_mission_failed_default.png,False,4,none,overlays/popup_mission_failed.png
toast,overlays,default,128,32,128x32,toast_default.png,True,8,stretch,overlays/toast_default.png
toast,overlays,error,128,32,128x32,toast_error.png,True,8,stretch,overlays/toast_error.png
toast,overlays,success,128,32,128x32,toast_success.png,True,8,stretch,overlays/toast_success.png
toast,overlays,warning,128,32,128x32,toast_warning.png,True,8,stretch,overlays/toast_warning.png
window_reward,overlays,default,160,96,160x96,window_reward_default.png,True,8,stretch,overlays/window_reward.png
grid_inventory,panels,default,160,128,160x128,grid_inventory_default.png,False,4,none,panels/grid_inventory.png
overlay_pause_menu,panels,default,192,128,192x128,overlay_pause_menu_default.png,False,4,none,panels/overlay_pause_menu.png
panel_achievements,panels,default,160,128,160x128,panel_achievements_default.png,True,8,stretch,panels/panel_achievements.png
panel_city_map,panels,default,160,128,160x128,panel_city_map_default.png,True,8,stretch,panels/panel_city_map.png
panel_drawer,panels,default,96,96,96x96,panel_drawer_default.png,True,24,stretch,panels/panel_drawer_default.png
panel_help,panels,default,160,128,160x128,panel_help_default.png,True,8,stretch,panels/panel_help.png
panel_leaderboard,panels,default,160,128,160x128,panel_leaderboard_default.png,True,8,stretch,panels/panel_leaderboard.png
panel_main_menu,panels,default,192,128,192x128,panel_main_menu_default.png,True,8,stretch,panels/panel_main_menu.png
panel_mission_log,panels,default,160,128,160x128,panel_mission_log_default.png,True,8,stretch,panels/panel_mission_log.png
panel_mission_request,panels,default,160,128,160x128,panel_mission_request_default.png,True,8,stretch,panels/panel_mission_request.png
panel_profile,panels,default,160,128,160x128,panel_profile_default.png,True,8,stretch,panels/panel_profile.png
panel_settings,panels,default,160,128,160x128,panel_settings_default.png,True,8,stretch,panels/panel_settings.png
panel_shop,panels,default,160,128,160x128,panel_shop_default.png,True,8,stretch,panels/panel_shop.png
panel_skills,panels,default,160,128,160x128,panel_skills_default.png,True,8,stretch,panels/panel_skills.png
cell_grid,skills,empty,32,32,32x32,cell_grid_empty.png,False,2,none,skills/cell_grid_empty.png
connector_curved,skills,default,32,32,32x32,connector_curved_default.png,False,2,none,skills/connector_curved.png
connector_horizontal,skills,default,32,32,32x32,connector_horizontal_default.png,False,2,none,skills/connector_horizontal.png
connector_vertical,skills,default,32,32,32x32,connector_vertical_default.png,False,2,none,skills/connector_vertical.png
divider_horizontal,skills,default,32,32,32x32,divider_horizontal_default.png,False,0,tile,skills/divider_horizontal.png
divider_vertical,skills,default,32,32,32x32,divider_vertical_default.png,False,0,tile,skills/divider_vertical.png
junction_branch,skills,default,32,32,32x32,junction_branch_default.png,False,2,none,skills/junction_branch.png
node_circle,skills,active,64,64,64x64,node_circle_active.png,False,2,none,skills/node_circle_active.png
node_circle,skills,available,64,64,64x64,node_circle_available.png,False,2,none,skills/node_circle_available.png
node_circle,skills,completed,64,64,64x64,node_circle_completed.png,False,2,none,skills/node_circle_completed.png
node_circle,skills,locked,64,64,64x64,node_circle_locked.png,False,2,none,skills/node_circle_locked.png
node_circle,skills,mastered,64,64,64x64,node_circle_mastered.png,False,2,none,skills/node_circle_mastered.png
node_square,skills,active,64,64,64x64,node_square_active.png,False,2,none,skills/node_square_active.png
node_square,skills,available,64,64,64x64,node_square_available.png,False,2,none,skills/node_square_available.png
node_square,skills,completed,64,64,64x64,node_square_completed.png,False,2,none,skills/node_square_completed.png
node_square,skills,locked,64,64,64x64,node_square_locked.png,False,2,none,skills/node_square_locked.png
node_square,skills,mastered,64,64,64x64,node_square_mastered.png,False,2,none,skills/node_square_mastered.png
skill_exploration,skills,default,32,32,32x32,skill_exploration_default.png,False,4,none,skills/skill_exploration.png
skill_grammar,skills,default,32,32,32x32,skill_grammar_default.png,False,4,none,skills/skill_grammar.png
skill_listening,skills,default,32,32,32x32,skill_listening_default.png,False,4,none,skills/skill_listening.png
skill_logic,skills,default,32,32,32x32,skill_logic_default.png,False,4,none,skills/skill_logic.png
skill_medal,skills,default,32,32,32x32,skill_medal_default.png,False,4,none,skills/skill_medal.png
skill_memory,skills,default,32,32,32x32,skill_memory_default.png,False,4,none,skills/skill_memory.png
skill_reading,skills,default,32,32,32x32,skill_reading_default.png,False,4,none,skills/skill_reading.png
skill_social,skills,default,32,32,32x32,skill_social_default.png,False,4,none,skills/skill_social.png
skill_speaking,skills,default,32,32,32x32,skill_speaking_default.png,False,4,none,skills/skill_speaking.png
skill_star,skills,default,32,32,32x32,skill_star_default.png,False,4,none,skills/skill_star.png
skill_vocabulary,skills,default,32,32,32x32,skill_vocabulary_default.png,False,4,none,skills/skill_vocabulary.png
skill_writing,skills,default,32,32,32x32,skill_writing_default.png,False,4,none,skills/skill_writing.png
tile_overlay_dimmed,skills,default,32,32,32x32,tile_overlay_dimmed_default.png,False,0,tile,skills/tile_overlay_dimmed.png
